 {
            "total"     :  0.332179E+06,
            "predictor" :  0.252334E+05,
            "block"     :  0.332179E+06,
            "iteration" :  0.298063E+06,
            "sweep"     :[   0.641573E+05,   0.106528E+06]                           ,
            "feval"     :[   0.126189E+06,   0.205809E+06]                           ,
            "fcomp"     :[   0.000000E+00,   0.000000E+00]                           ,
            "residual"  :[   0.219515E+02,   0.593286E+02]                           ,
            "interp"    :[   0.000000E+00,   0.976298E+05]                           ,
            "restrict"  :[   0.000000E+00,   0.620900E+05]                           ,
            "broadcast" :[   0.000000E+00,   0.000000E+00]                           ,
            "receive"   :[   0.000000E+00,   0.000000E+00]                           ,
            "send"      :[   0.000000E+00,   0.000000E+00]                           ,
            "wait"      :[   0.000000E+00,   0.000000E+00]                           ,
            "pack"      :[   0.000000E+00,   0.000000E+00]                           ,
            "unpack"    :[   0.000000E+00,   0.000000E+00]                           ,
            "hooks"     :[   0.623894E-01,   0.603120E-01]                           ,
            "aux"       :[   0.000000E+00,   0.000000E+00]                           ,
 "foo":"0"
 }
