 {
            "total"     :  0.106237E+03,
            "predictor" :  0.103055E+02,
            "block"     :  0.106232E+03,
            "iteration" :  0.931479E+02,
            "sweep"     :[   0.201607E+02,   0.335610E+02]                           ,
            "feval"     :[   0.369909E+02,   0.591495E+02]                           ,
            "fcomp"     :[   0.000000E+00,   0.000000E+00]                           ,
            "residual"  :[   0.908479E+00,   0.305760E+01]                           ,
            "interp"    :[   0.000000E+00,   0.287996E+02]                           ,
            "restrict"  :[   0.000000E+00,   0.202350E+02]                           ,
            "broadcast" :[   0.000000E+00,   0.000000E+00]                           ,
            "receive"   :[   0.000000E+00,   0.000000E+00]                           ,
            "send"      :[   0.000000E+00,   0.000000E+00]                           ,
            "wait"      :[   0.000000E+00,   0.000000E+00]                           ,
            "pack"      :[   0.000000E+00,   0.000000E+00]                           ,
            "unpack"    :[   0.000000E+00,   0.000000E+00]                           ,
            "hooks"     :[   0.136200E-02,   0.138700E-02]                           ,
            "aux"       :[   0.000000E+00,   0.000000E+00]                           ,
 "foo":"0"
 }
