 {
            "total"     :  0.144046E+02,
            "predictor" :  0.137533E+01,
            "block"     :  0.144045E+02,
            "iteration" :  0.126483E+02,
            "sweep"     :[   0.273147E+01,   0.455464E+01]                           ,
            "feval"     :[   0.487699E+01,   0.776834E+01]                           ,
            "fcomp"     :[   0.000000E+00,   0.000000E+00]                           ,
            "residual"  :[   0.151388E+00,   0.530183E+00]                           ,
            "interp"    :[   0.000000E+00,   0.383384E+01]                           ,
            "restrict"  :[   0.000000E+00,   0.274791E+01]                           ,
            "broadcast" :[   0.000000E+00,   0.000000E+00]                           ,
            "receive"   :[   0.000000E+00,   0.000000E+00]                           ,
            "send"      :[   0.000000E+00,   0.000000E+00]                           ,
            "wait"      :[   0.000000E+00,   0.000000E+00]                           ,
            "pack"      :[   0.000000E+00,   0.000000E+00]                           ,
            "unpack"    :[   0.000000E+00,   0.000000E+00]                           ,
            "hooks"     :[   0.206000E-03,   0.277000E-03]                           ,
            "aux"       :[   0.000000E+00,   0.000000E+00]                           ,
 "foo":"0"
 }
