 {
            "total"     :  0.492904E+03,
            "predictor" :  0.895741E+02,
            "block"     :  0.492904E+03,
            "iteration" :  0.366724E+03,
            "sweep"     :[   0.884112E+02,   0.181725E+03]                           ,
            "feval"     :[   0.165156E+03,   0.327540E+03]                           ,
            "fcomp"     :[   0.000000E+00,   0.000000E+00]                           ,
            "residual"  :[   0.153685E-01,   0.583217E-01]                           ,
            "interp"    :[   0.000000E+00,   0.144813E+03]                           ,
            "restrict"  :[   0.000000E+00,   0.768107E+02]                           ,
            "broadcast" :[   0.000000E+00,   0.000000E+00]                           ,
            "receive"   :[   0.000000E+00,   0.000000E+00]                           ,
            "send"      :[   0.000000E+00,   0.000000E+00]                           ,
            "wait"      :[   0.000000E+00,   0.000000E+00]                           ,
            "pack"      :[   0.000000E+00,   0.000000E+00]                           ,
            "unpack"    :[   0.000000E+00,   0.000000E+00]                           ,
            "hooks"     :[   0.144506E-02,   0.263214E-03]                           ,
            "aux"       :[   0.000000E+00,   0.000000E+00]                           ,
 "foo":"0"
 }
