 {
            "total"     :  0.366134E+00,
            "predictor" :  0.627870E-01,
            "block"     :  0.366084E+00,
            "iteration" :  0.286135E+00,
            "sweep"     :[   0.674660E-01,   0.119769E+00]                           ,
            "feval"     :[   0.120765E+00,   0.200740E+00]                           ,
            "fcomp"     :[   0.000000E+00,   0.000000E+00]                           ,
            "residual"  :[   0.359800E-02,   0.131110E-01]                           ,
            "interp"    :[   0.000000E+00,   0.949070E-01]                           ,
            "restrict"  :[   0.000000E+00,   0.682900E-01]                           ,
            "broadcast" :[   0.000000E+00,   0.000000E+00]                           ,
            "receive"   :[   0.000000E+00,   0.000000E+00]                           ,
            "send"      :[   0.000000E+00,   0.000000E+00]                           ,
            "wait"      :[   0.000000E+00,   0.000000E+00]                           ,
            "pack"      :[   0.000000E+00,   0.000000E+00]                           ,
            "unpack"    :[   0.000000E+00,   0.000000E+00]                           ,
            "hooks"     :[   0.600000E-05,   0.400000E-05]                           ,
            "aux"       :[   0.000000E+00,   0.000000E+00]                           ,
 "foo":"0"
 }
