 {
            "total"     :  0.814621E+05,
            "predictor" :  0.110275E+05,
            "block"     :  0.814621E+05,
            "iteration" :  0.665334E+05,
            "sweep"     :[   0.155571E+05,   0.272577E+05]                           ,
            "feval"     :[   0.300871E+05,   0.513444E+05]                           ,
            "fcomp"     :[   0.000000E+00,   0.000000E+00]                           ,
            "residual"  :[   0.395459E+01,   0.105602E+02]                           ,
            "interp"    :[   0.000000E+00,   0.233481E+05]                           ,
            "restrict"  :[   0.000000E+00,   0.145397E+05]                           ,
            "broadcast" :[   0.000000E+00,   0.000000E+00]                           ,
            "receive"   :[   0.000000E+00,   0.000000E+00]                           ,
            "send"      :[   0.000000E+00,   0.000000E+00]                           ,
            "wait"      :[   0.000000E+00,   0.000000E+00]                           ,
            "pack"      :[   0.000000E+00,   0.000000E+00]                           ,
            "unpack"    :[   0.000000E+00,   0.000000E+00]                           ,
            "hooks"     :[   0.753796E-02,   0.663138E-02]                           ,
            "aux"       :[   0.000000E+00,   0.000000E+00]                           ,
 "foo":"0"
 }
