 {
            "total"     :  0.607715E+03,
            "predictor" :  0.110546E+03,
            "block"     :  0.607715E+03,
            "iteration" :  0.452829E+03,
            "sweep"     :[   0.109327E+03,   0.223617E+03]                           ,
            "feval"     :[   0.203792E+03,   0.403741E+03]                           ,
            "fcomp"     :[   0.000000E+00,   0.000000E+00]                           ,
            "residual"  :[   0.130990E-01,   0.499490E-01]                           ,
            "interp"    :[   0.000000E+00,   0.178933E+03]                           ,
            "restrict"  :[   0.000000E+00,   0.945221E+02]                           ,
            "broadcast" :[   0.000000E+00,   0.000000E+00]                           ,
            "receive"   :[   0.000000E+00,   0.000000E+00]                           ,
            "send"      :[   0.000000E+00,   0.000000E+00]                           ,
            "wait"      :[   0.000000E+00,   0.000000E+00]                           ,
            "pack"      :[   0.000000E+00,   0.000000E+00]                           ,
            "unpack"    :[   0.000000E+00,   0.000000E+00]                           ,
            "hooks"     :[   0.138700E-02,   0.213000E-03]                           ,
            "aux"       :[   0.000000E+00,   0.000000E+00]                           ,
 "foo":"0"
 }
