 {
            "total"     :  0.544816E+00,
            "predictor" :  0.935650E-01,
            "block"     :  0.544770E+00,
            "iteration" :  0.425614E+00,
            "sweep"     :[   0.100530E+00,   0.177884E+00]                           ,
            "feval"     :[   0.180160E+00,   0.300346E+00]                           ,
            "fcomp"     :[   0.000000E+00,   0.000000E+00]                           ,
            "residual"  :[   0.533900E-02,   0.191830E-01]                           ,
            "interp"    :[   0.000000E+00,   0.141151E+00]                           ,
            "restrict"  :[   0.000000E+00,   0.100783E+00]                           ,
            "broadcast" :[   0.000000E+00,   0.000000E+00]                           ,
            "receive"   :[   0.000000E+00,   0.000000E+00]                           ,
            "send"      :[   0.000000E+00,   0.000000E+00]                           ,
            "wait"      :[   0.000000E+00,   0.000000E+00]                           ,
            "pack"      :[   0.000000E+00,   0.000000E+00]                           ,
            "unpack"    :[   0.000000E+00,   0.000000E+00]                           ,
            "hooks"     :[   0.160000E-04,   0.170000E-04]                           ,
            "aux"       :[   0.000000E+00,   0.000000E+00]                           ,
 "foo":"0"
 }
