 {
            "total"     :  0.133582E+04,
            "predictor" :  0.164453E+03,
            "block"     :  0.133582E+04,
            "iteration" :  0.110558E+04,
            "sweep"     :[   0.246364E+03,   0.462856E+03]                           ,
            "feval"     :[   0.472994E+03,   0.862736E+03]                           ,
            "fcomp"     :[   0.000000E+00,   0.000000E+00]                           ,
            "residual"  :[   0.647800E-02,   0.231980E-01]                           ,
            "interp"    :[   0.000000E+00,   0.397084E+03]                           ,
            "restrict"  :[   0.000000E+00,   0.226660E+03]                           ,
            "broadcast" :[   0.000000E+00,   0.000000E+00]                           ,
            "receive"   :[   0.000000E+00,   0.000000E+00]                           ,
            "send"      :[   0.000000E+00,   0.000000E+00]                           ,
            "wait"      :[   0.000000E+00,   0.000000E+00]                           ,
            "pack"      :[   0.000000E+00,   0.000000E+00]                           ,
            "unpack"    :[   0.000000E+00,   0.000000E+00]                           ,
            "hooks"     :[   0.181700E-02,   0.238000E-03]                           ,
            "aux"       :[   0.000000E+00,   0.000000E+00]                           ,
 "foo":"0"
 }
