 {
            "total"     :  0.195617E+01,
            "predictor" :  0.100158E+00,
            "block"     :  0.195614E+01,
            "iteration" :  0.182848E+01,
            "sweep"     :[   0.377591E+00,   0.601133E+00]                           ,
            "feval"     :[   0.676900E+00,   0.105003E+01]                           ,
            "fcomp"     :[   0.000000E+00,   0.000000E+00]                           ,
            "residual"  :[   0.206900E-01,   0.677810E-01]                           ,
            "interp"    :[   0.000000E+00,   0.533246E+00]                           ,
            "restrict"  :[   0.000000E+00,   0.377659E+00]                           ,
            "broadcast" :[   0.000000E+00,   0.000000E+00]                           ,
            "receive"   :[   0.000000E+00,   0.000000E+00]                           ,
            "send"      :[   0.000000E+00,   0.000000E+00]                           ,
            "wait"      :[   0.000000E+00,   0.000000E+00]                           ,
            "pack"      :[   0.000000E+00,   0.000000E+00]                           ,
            "unpack"    :[   0.000000E+00,   0.000000E+00]                           ,
            "hooks"     :[   0.179400E-02,   0.427000E-03]                           ,
            "aux"       :[   0.000000E+00,   0.000000E+00]                           ,
 "foo":"0"
 }
