 {
            "total"     :  0.117821E+02,
            "predictor" :  0.202718E+01,
            "block"     :  0.117820E+02,
            "iteration" :  0.920311E+01,
            "sweep"     :[   0.220479E+01,   0.386658E+01]                           ,
            "feval"     :[   0.435690E+01,   0.725834E+01]                           ,
            "fcomp"     :[   0.000000E+00,   0.000000E+00]                           ,
            "residual"  :[   0.142810E-01,   0.504390E-01]                           ,
            "interp"    :[   0.000000E+00,   0.327953E+01]                           ,
            "restrict"  :[   0.000000E+00,   0.220764E+01]                           ,
            "broadcast" :[   0.000000E+00,   0.000000E+00]                           ,
            "receive"   :[   0.000000E+00,   0.000000E+00]                           ,
            "send"      :[   0.000000E+00,   0.000000E+00]                           ,
            "wait"      :[   0.000000E+00,   0.000000E+00]                           ,
            "pack"      :[   0.000000E+00,   0.000000E+00]                           ,
            "unpack"    :[   0.000000E+00,   0.000000E+00]                           ,
            "hooks"     :[   0.360000E-04,   0.190000E-04]                           ,
            "aux"       :[   0.000000E+00,   0.000000E+00]                           ,
 "foo":"0"
 }
