 {
            "total"     :  0.363432E+03,
            "predictor" :  0.348628E+02,
            "block"     :  0.363419E+03,
            "iteration" :  0.318958E+03,
            "sweep"     :[   0.689566E+02,   0.114808E+03]                           ,
            "feval"     :[   0.125851E+03,   0.200075E+03]                           ,
            "fcomp"     :[   0.000000E+00,   0.000000E+00]                           ,
            "residual"  :[   0.298286E+01,   0.109213E+02]                           ,
            "interp"    :[   0.000000E+00,   0.981444E+02]                           ,
            "restrict"  :[   0.000000E+00,   0.698109E+02]                           ,
            "broadcast" :[   0.000000E+00,   0.000000E+00]                           ,
            "receive"   :[   0.000000E+00,   0.000000E+00]                           ,
            "send"      :[   0.000000E+00,   0.000000E+00]                           ,
            "wait"      :[   0.000000E+00,   0.000000E+00]                           ,
            "pack"      :[   0.000000E+00,   0.000000E+00]                           ,
            "unpack"    :[   0.000000E+00,   0.000000E+00]                           ,
            "hooks"     :[   0.118500E-02,   0.630000E-03]                           ,
            "aux"       :[   0.000000E+00,   0.000000E+00]                           ,
 "foo":"0"
 }
