 {
            "total"     :  0.574328E+03,
            "predictor" :  0.550132E+02,
            "block"     :  0.574326E+03,
            "iteration" :  0.504181E+03,
            "sweep"     :[   0.109296E+03,   0.181066E+03]                           ,
            "feval"     :[   0.201133E+03,   0.319417E+03]                           ,
            "fcomp"     :[   0.000000E+00,   0.000000E+00]                           ,
            "residual"  :[   0.431827E+01,   0.156078E+02]                           ,
            "interp"    :[   0.000000E+00,   0.156226E+03]                           ,
            "restrict"  :[   0.000000E+00,   0.110417E+03]                           ,
            "broadcast" :[   0.000000E+00,   0.000000E+00]                           ,
            "receive"   :[   0.000000E+00,   0.000000E+00]                           ,
            "send"      :[   0.000000E+00,   0.000000E+00]                           ,
            "wait"      :[   0.000000E+00,   0.000000E+00]                           ,
            "pack"      :[   0.000000E+00,   0.000000E+00]                           ,
            "unpack"    :[   0.000000E+00,   0.000000E+00]                           ,
            "hooks"     :[   0.194180E-02,   0.203926E-02]                           ,
            "aux"       :[   0.000000E+00,   0.000000E+00]                           ,
 "foo":"0"
 }
