 {
            "total"     :  0.267786E+04,
            "predictor" :  0.364800E+03,
            "block"     :  0.267786E+04,
            "iteration" :  0.218262E+04,
            "sweep"     :[   0.501403E+03,   0.906100E+03]                           ,
            "feval"     :[   0.967107E+03,   0.170998E+04]                           ,
            "fcomp"     :[   0.000000E+00,   0.000000E+00]                           ,
            "residual"  :[   0.811754E-01,   0.255043E+00]                           ,
            "interp"    :[   0.000000E+00,   0.777131E+03]                           ,
            "restrict"  :[   0.000000E+00,   0.465953E+03]                           ,
            "broadcast" :[   0.000000E+00,   0.000000E+00]                           ,
            "receive"   :[   0.000000E+00,   0.000000E+00]                           ,
            "send"      :[   0.000000E+00,   0.000000E+00]                           ,
            "wait"      :[   0.000000E+00,   0.000000E+00]                           ,
            "pack"      :[   0.000000E+00,   0.000000E+00]                           ,
            "unpack"    :[   0.000000E+00,   0.000000E+00]                           ,
            "hooks"     :[   0.188059E-03,   0.158606E-03]                           ,
            "aux"       :[   0.000000E+00,   0.000000E+00]                           ,
 "foo":"0"
 }
