 {
            "total"     :  0.251554E+03,
            "predictor" :  0.431517E+02,
            "block"     :  0.251552E+03,
            "iteration" :  0.196608E+03,
            "sweep"     :[   0.471635E+02,   0.824816E+02]                           ,
            "feval"     :[   0.934042E+02,   0.155746E+03]                           ,
            "fcomp"     :[   0.000000E+00,   0.000000E+00]                           ,
            "residual"  :[   0.382876E+00,   0.983075E+00]                           ,
            "interp"    :[   0.000000E+00,   0.702449E+02]                           ,
            "restrict"  :[   0.000000E+00,   0.469494E+02]                           ,
            "broadcast" :[   0.000000E+00,   0.000000E+00]                           ,
            "receive"   :[   0.000000E+00,   0.000000E+00]                           ,
            "send"      :[   0.000000E+00,   0.000000E+00]                           ,
            "wait"      :[   0.000000E+00,   0.000000E+00]                           ,
            "pack"      :[   0.000000E+00,   0.000000E+00]                           ,
            "unpack"    :[   0.000000E+00,   0.000000E+00]                           ,
            "hooks"     :[   0.320520E-04,   0.238810E-04]                           ,
            "aux"       :[   0.000000E+00,   0.000000E+00]                           ,
 "foo":"0"
 }
