 {
            "total"     :  0.572610E+02,
            "predictor" :  0.278114E+02,
            "block"     :  0.572609E+02,
            "iteration" :  0.278435E+02,
            "sweep"     :[   0.963817E+01,   0.112612E+02]                           ,
            "feval"     :[   0.158523E+02,   0.211304E+02]                           ,
            "fcomp"     :[   0.000000E+00,   0.000000E+00]                           ,
            "residual"  :[   0.669810E-01,   0.156932E+00]                           ,
            "interp"    :[   0.000000E+00,   0.957882E+01]                           ,
            "restrict"  :[   0.000000E+00,   0.642899E+01]                           ,
            "broadcast" :[   0.865000E-03,   0.000000E+00]                           ,
            "receive"   :[   0.196917E+02,   0.000000E+00]                           ,
            "send"      :[   0.000000E+00,   0.000000E+00]                           ,
            "wait"      :[   0.141000E-03,   0.278000E-03]                           ,
            "pack"      :[   0.000000E+00,   0.000000E+00]                           ,
            "unpack"    :[   0.208000E-02,   0.131300E-02]                           ,
            "hooks"     :[   0.133000E-03,   0.101000E-03]                           ,
            "aux"       :[   0.000000E+00,   0.000000E+00]                           ,
 "foo":"0"
 }
