 {
            "total"     :  0.286291E+04,
            "predictor" :  0.596782E+03,
            "block"     :  0.286291E+04,
            "iteration" :  0.214665E+04,
            "sweep"     :[   0.689021E+03,   0.847932E+03]                           ,
            "feval"     :[   0.114101E+04,   0.160015E+04]                           ,
            "fcomp"     :[   0.000000E+00,   0.000000E+00]                           ,
            "residual"  :[   0.110300E+00,   0.259165E+00]                           ,
            "interp"    :[   0.000000E+00,   0.727924E+03]                           ,
            "restrict"  :[   0.000000E+00,   0.452345E+03]                           ,
            "broadcast" :[   0.124990E-02,   0.000000E+00]                           ,
            "receive"   :[   0.120765E+03,   0.000000E+00]                           ,
            "send"      :[   0.000000E+00,   0.000000E+00]                           ,
            "wait"      :[   0.140833E-03,   0.416030E-03]                           ,
            "pack"      :[   0.000000E+00,   0.000000E+00]                           ,
            "unpack"    :[   0.618104E-02,   0.405226E-02]                           ,
            "hooks"     :[   0.179539E-03,   0.156214E-03]                           ,
            "aux"       :[   0.000000E+00,   0.000000E+00]                           ,
 "foo":"0"
 }
