 {
            "total"     :  0.172804E+00,
            "predictor" :  0.774880E-01,
            "block"     :  0.172757E+00,
            "iteration" :  0.906960E-01,
            "sweep"     :[   0.266180E-01,   0.313250E-01]                           ,
            "feval"     :[   0.397380E-01,   0.527660E-01]                           ,
            "fcomp"     :[   0.000000E+00,   0.000000E+00]                           ,
            "residual"  :[   0.143700E-02,   0.348100E-02]                           ,
            "interp"    :[   0.000000E+00,   0.256000E-01]                           ,
            "restrict"  :[   0.000000E+00,   0.181090E-01]                           ,
            "broadcast" :[   0.000000E+00,   0.000000E+00]                           ,
            "receive"   :[   0.667670E-01,   0.000000E+00]                           ,
            "send"      :[   0.000000E+00,   0.000000E+00]                           ,
            "wait"      :[   0.700000E-05,   0.400000E-05]                           ,
            "pack"      :[   0.000000E+00,   0.000000E+00]                           ,
            "unpack"    :[   0.250000E-04,   0.140000E-04]                           ,
            "hooks"     :[   0.100000E-05,   0.100000E-05]                           ,
            "aux"       :[   0.000000E+00,   0.000000E+00]                           ,
 "foo":"0"
 }
