 {
            "total"     :  0.845810E+02,
            "predictor" :  0.405212E+02,
            "block"     :  0.845781E+02,
            "iteration" :  0.369809E+02,
            "sweep"     :[   0.254081E+02,   0.242650E+02]                           ,
            "feval"     :[   0.326876E+02,   0.392335E+02]                           ,
            "fcomp"     :[   0.000000E+00,   0.000000E+00]                           ,
            "residual"  :[   0.239459E+01,   0.312128E+01]                           ,
            "interp"    :[   0.000000E+00,   0.156423E+02]                           ,
            "restrict"  :[   0.000000E+00,   0.108114E+02]                           ,
            "broadcast" :[   0.273968E+00,   0.000000E+00]                           ,
            "receive"   :[   0.326998E+01,   0.000000E+00]                           ,
            "send"      :[   0.000000E+00,   0.000000E+00]                           ,
            "wait"      :[   0.465206E-03,   0.663050E-03]                           ,
            "pack"      :[   0.000000E+00,   0.000000E+00]                           ,
            "unpack"    :[   0.756468E-02,   0.416583E-02]                           ,
            "hooks"     :[   0.113445E-02,   0.921806E-03]                           ,
            "aux"       :[   0.000000E+00,   0.000000E+00]                           ,
 "foo":"0"
 }
