 {
            "total"     :  0.105380E+03,
            "predictor" :  0.151239E+02,
            "block"     :  0.105380E+03,
            "iteration" :  0.879468E+02,
            "sweep"     :[   0.244793E+02,   0.304106E+02]                           ,
            "feval"     :[   0.426161E+02,   0.583937E+02]                           ,
            "fcomp"     :[   0.000000E+00,   0.000000E+00]                           ,
            "residual"  :[   0.252013E+00,   0.480978E+00]                           ,
            "interp"    :[   0.000000E+00,   0.274310E+02]                           ,
            "restrict"  :[   0.000000E+00,   0.185481E+02]                           ,
            "broadcast" :[   0.526437E-02,   0.000000E+00]                           ,
            "receive"   :[   0.296737E+01,   0.000000E+00]                           ,
            "send"      :[   0.000000E+00,   0.000000E+00]                           ,
            "wait"      :[   0.411308E-03,   0.967718E-03]                           ,
            "pack"      :[   0.000000E+00,   0.000000E+00]                           ,
            "unpack"    :[   0.126034E-01,   0.114625E-01]                           ,
            "hooks"     :[   0.876518E-03,   0.653800E-03]                           ,
            "aux"       :[   0.000000E+00,   0.000000E+00]                           ,
 "foo":"0"
 }
