 {
            "total"     :  0.255480E+00,
            "predictor" :  0.771080E-01,
            "block"     :  0.255424E+00,
            "iteration" :  0.127558E+00,
            "sweep"     :[   0.290050E-01,   0.443780E-01]                           ,
            "feval"     :[   0.467590E-01,   0.728070E-01]                           ,
            "fcomp"     :[   0.000000E+00,   0.000000E+00]                           ,
            "residual"  :[   0.156100E-02,   0.479400E-02]                           ,
            "interp"    :[   0.000000E+00,   0.333710E-01]                           ,
            "restrict"  :[   0.000000E+00,   0.236600E-01]                           ,
            "broadcast" :[   0.418980E-01,   0.000000E+00]                           ,
            "receive"   :[   0.570680E-01,   0.000000E+00]                           ,
            "send"      :[   0.110000E-04,   0.600000E-05]                           ,
            "wait"      :[   0.174500E-02,   0.117930E-01]                           ,
            "pack"      :[   0.290000E-04,   0.290000E-04]                           ,
            "unpack"    :[   0.320000E-04,   0.290000E-04]                           ,
            "hooks"     :[   0.300000E-05,   0.200000E-05]                           ,
            "aux"       :[   0.000000E+00,   0.000000E+00]                           ,
 "foo":"0"
 }
