 {
            "total"     :  0.273972E+00,
            "predictor" :  0.115506E+00,
            "block"     :  0.273921E+00,
            "iteration" :  0.122589E+00,
            "sweep"     :[   0.350840E-01,   0.443610E-01]                           ,
            "feval"     :[   0.521560E-01,   0.731090E-01]                           ,
            "fcomp"     :[   0.000000E+00,   0.000000E+00]                           ,
            "residual"  :[   0.188300E-02,   0.477500E-02]                           ,
            "interp"    :[   0.000000E+00,   0.336080E-01]                           ,
            "restrict"  :[   0.000000E+00,   0.236130E-01]                           ,
            "broadcast" :[   0.268130E-01,   0.000000E+00]                           ,
            "receive"   :[   0.908010E-01,   0.000000E+00]                           ,
            "send"      :[   0.110000E-04,   0.600000E-05]                           ,
            "wait"      :[   0.187100E-02,   0.802400E-02]                           ,
            "pack"      :[   0.310000E-04,   0.290000E-04]                           ,
            "unpack"    :[   0.330000E-04,   0.210000E-04]                           ,
            "hooks"     :[   0.100000E-05,   0.200000E-05]                           ,
            "aux"       :[   0.000000E+00,   0.000000E+00]                           ,
 "foo":"0"
 }
