 {
            "total"     :  0.291376E+00,
            "predictor" :  0.154077E+00,
            "block"     :  0.291319E+00,
            "iteration" :  0.115947E+00,
            "sweep"     :[   0.410620E-01,   0.443960E-01]                           ,
            "feval"     :[   0.578420E-01,   0.730400E-01]                           ,
            "fcomp"     :[   0.000000E+00,   0.000000E+00]                           ,
            "residual"  :[   0.220800E-02,   0.481400E-02]                           ,
            "interp"    :[   0.000000E+00,   0.335670E-01]                           ,
            "restrict"  :[   0.000000E+00,   0.239990E-01]                           ,
            "broadcast" :[   0.125630E-01,   0.000000E+00]                           ,
            "receive"   :[   0.120736E+00,   0.000000E+00]                           ,
            "send"      :[   0.900000E-05,   0.500000E-05]                           ,
            "wait"      :[   0.500000E-05,   0.817400E-02]                           ,
            "pack"      :[   0.290000E-04,   0.340000E-04]                           ,
            "unpack"    :[   0.410000E-04,   0.260000E-04]                           ,
            "hooks"     :[   0.500000E-05,   0.100000E-05]                           ,
            "aux"       :[   0.000000E+00,   0.000000E+00]                           ,
 "foo":"0"
 }
