 {
            "total"     :  0.105281E+03,
            "predictor" :  0.116305E+02,
            "block"     :  0.105281E+03,
            "iteration" :  0.868187E+02,
            "sweep"     :[   0.205590E+02,   0.305026E+02]                           ,
            "feval"     :[   0.385667E+02,   0.593797E+02]                           ,
            "fcomp"     :[   0.000000E+00,   0.000000E+00]                           ,
            "residual"  :[   0.168604E+00,   0.420271E+00]                           ,
            "interp"    :[   0.000000E+00,   0.285040E+02]                           ,
            "restrict"  :[   0.000000E+00,   0.184424E+02]                           ,
            "broadcast" :[   0.434313E+01,   0.000000E+00]                           ,
            "receive"   :[   0.146852E+01,   0.000000E+00]                           ,
            "send"      :[   0.115824E-01,   0.980402E-02]                           ,
            "wait"      :[   0.776134E-03,   0.134101E-02]                           ,
            "pack"      :[   0.163257E-01,   0.136942E-01]                           ,
            "unpack"    :[   0.151951E-01,   0.150490E-01]                           ,
            "hooks"     :[   0.967310E-03,   0.672012E-03]                           ,
            "aux"       :[   0.000000E+00,   0.000000E+00]                           ,
 "foo":"0"
 }
