 {
            "total"     :  0.570564E+02,
            "predictor" :  0.138785E+02,
            "block"     :  0.570564E+02,
            "iteration" :  0.325278E+02,
            "sweep"     :[   0.748848E+01,   0.112282E+02]                           ,
            "feval"     :[   0.137027E+02,   0.210481E+02]                           ,
            "fcomp"     :[   0.000000E+00,   0.000000E+00]                           ,
            "residual"  :[   0.517250E-01,   0.156524E+00]                           ,
            "interp"    :[   0.000000E+00,   0.952544E+01]                           ,
            "restrict"  :[   0.000000E+00,   0.640128E+01]                           ,
            "broadcast" :[   0.905013E+01,   0.000000E+00]                           ,
            "receive"   :[   0.806819E+01,   0.000000E+00]                           ,
            "send"      :[   0.380000E-03,   0.281000E-03]                           ,
            "wait"      :[   0.294466E+00,   0.322054E+01]                           ,
            "pack"      :[   0.279200E-02,   0.243900E-02]                           ,
            "unpack"    :[   0.187100E-02,   0.130600E-02]                           ,
            "hooks"     :[   0.110000E-03,   0.122000E-03]                           ,
            "aux"       :[   0.000000E+00,   0.000000E+00]                           ,
 "foo":"0"
 }
