 {
            "total"     :  0.285656E+04,
            "predictor" :  0.463617E+03,
            "block"     :  0.285656E+04,
            "iteration" :  0.211298E+04,
            "sweep"     :[   0.563181E+03,   0.855869E+03]                           ,
            "feval"     :[   0.102343E+04,   0.163025E+04]                           ,
            "fcomp"     :[   0.000000E+00,   0.000000E+00]                           ,
            "residual"  :[   0.862219E-01,   0.259053E+00]                           ,
            "interp"    :[   0.000000E+00,   0.731487E+03]                           ,
            "restrict"  :[   0.000000E+00,   0.460565E+03]                           ,
            "broadcast" :[   0.158347E+03,   0.000000E+00]                           ,
            "receive"   :[   0.435758E+02,   0.000000E+00]                           ,
            "send"      :[   0.129456E-02,   0.141952E-02]                           ,
            "wait"      :[   0.299648E-03,   0.541003E-03]                           ,
            "pack"      :[   0.468532E-02,   0.397098E-02]                           ,
            "unpack"    :[   0.554059E-02,   0.403114E-02]                           ,
            "hooks"     :[   0.164757E-03,   0.163965E-03]                           ,
            "aux"       :[   0.000000E+00,   0.000000E+00]                           ,
 "foo":"0"
 }
