 {
            "total"     :  0.840624E+02,
            "predictor" :  0.308483E+02,
            "block"     :  0.840606E+02,
            "iteration" :  0.360685E+02,
            "sweep"     :[   0.163249E+02,   0.242218E+02]                           ,
            "feval"     :[   0.248083E+02,   0.394946E+02]                           ,
            "fcomp"     :[   0.000000E+00,   0.000000E+00]                           ,
            "residual"  :[   0.146573E+01,   0.303428E+01]                           ,
            "interp"    :[   0.000000E+00,   0.159421E+02]                           ,
            "restrict"  :[   0.000000E+00,   0.109649E+02]                           ,
            "broadcast" :[   0.103455E+02,   0.000000E+00]                           ,
            "receive"   :[   0.105635E+01,   0.000000E+00]                           ,
            "send"      :[   0.986089E-02,   0.481961E-02]                           ,
            "wait"      :[   0.806898E-03,   0.941281E-03]                           ,
            "pack"      :[   0.111204E+00,   0.540720E-01]                           ,
            "unpack"    :[   0.704285E-02,   0.437312E-02]                           ,
            "hooks"     :[   0.101544E-02,   0.103637E-02]                           ,
            "aux"       :[   0.000000E+00,   0.000000E+00]                           ,
 "foo":"0"
 }
