 {
            "total"     :  0.137732E+00,
            "predictor" :  0.397180E-01,
            "block"     :  0.137686E+00,
            "iteration" :  0.934670E-01,
            "sweep"     :[   0.202090E-01,   0.307620E-01]                           ,
            "feval"     :[   0.333960E-01,   0.516940E-01]                           ,
            "fcomp"     :[   0.000000E+00,   0.000000E+00]                           ,
            "residual"  :[   0.109000E-02,   0.338200E-02]                           ,
            "interp"    :[   0.000000E+00,   0.250340E-01]                           ,
            "restrict"  :[   0.000000E+00,   0.174410E-01]                           ,
            "broadcast" :[   0.000000E+00,   0.000000E+00]                           ,
            "receive"   :[   0.290870E-01,   0.000000E+00]                           ,
            "send"      :[   0.800000E-05,   0.300000E-05]                           ,
            "wait"      :[   0.204100E-02,   0.564500E-02]                           ,
            "pack"      :[   0.230000E-04,   0.220000E-04]                           ,
            "unpack"    :[   0.290000E-04,   0.200000E-04]                           ,
            "hooks"     :[   0.100000E-05,   0.200000E-05]                           ,
            "aux"       :[   0.000000E+00,   0.000000E+00]                           ,
 "foo":"0"
 }
