 {
            "total"     :  0.152987E+00,
            "predictor" :  0.323660E-01,
            "block"     :  0.152938E+00,
            "iteration" :  0.997880E-01,
            "sweep"     :[   0.227140E-01,   0.439540E-01]                           ,
            "feval"     :[   0.409860E-01,   0.720000E-01]                           ,
            "fcomp"     :[   0.000000E+00,   0.000000E+00]                           ,
            "residual"  :[   0.121000E-02,   0.468800E-02]                           ,
            "interp"    :[   0.000000E+00,   0.324400E-01]                           ,
            "restrict"  :[   0.000000E+00,   0.234370E-01]                           ,
            "broadcast" :[   0.120310E-01,   0.000000E+00]                           ,
            "receive"   :[   0.000000E+00,   0.000000E+00]                           ,
            "send"      :[   0.211000E-03,   0.600000E-05]                           ,
            "wait"      :[   0.230000E-04,   0.118400E-01]                           ,
            "pack"      :[   0.310000E-04,   0.270000E-04]                           ,
            "unpack"    :[   0.000000E+00,   0.000000E+00]                           ,
            "hooks"     :[   0.200000E-05,   0.100000E-05]                           ,
            "aux"       :[   0.000000E+00,   0.000000E+00]                           ,
 "foo":"0"
 }
