 {
            "total"     :  0.649072E+00,
            "predictor" :  0.858670E-01,
            "block"     :  0.649019E+00,
            "iteration" :  0.478560E+00,
            "sweep"     :[   0.866340E-01,   0.153307E+00]                           ,
            "feval"     :[   0.155471E+00,   0.258427E+00]                           ,
            "fcomp"     :[   0.000000E+00,   0.000000E+00]                           ,
            "residual"  :[   0.461400E-02,   0.170210E-01]                           ,
            "interp"    :[   0.000000E+00,   0.123249E+00]                           ,
            "restrict"  :[   0.000000E+00,   0.885550E-01]                           ,
            "broadcast" :[   0.628810E-01,   0.000000E+00]                           ,
            "receive"   :[   0.000000E+00,   0.000000E+00]                           ,
            "send"      :[   0.202780E-01,   0.188350E-01]                           ,
            "wait"      :[   0.640000E-04,   0.714950E-01]                           ,
            "pack"      :[   0.111900E-02,   0.101200E-02]                           ,
            "unpack"    :[   0.000000E+00,   0.000000E+00]                           ,
            "hooks"     :[   0.900000E-05,   0.900000E-05]                           ,
            "aux"       :[   0.000000E+00,   0.000000E+00]                           ,
 "foo":"0"
 }
