 {
            "total"     :  0.481173E+03,
            "predictor" :  0.819938E+02,
            "block"     :  0.481115E+03,
            "iteration" :  0.318897E+03,
            "sweep"     :[   0.736708E+02,   0.134926E+03]                           ,
            "feval"     :[   0.134496E+03,   0.228567E+03]                           ,
            "fcomp"     :[   0.000000E+00,   0.000000E+00]                           ,
            "residual"  :[   0.320754E+01,   0.122824E+02]                           ,
            "interp"    :[   0.000000E+00,   0.104974E+03]                           ,
            "restrict"  :[   0.000000E+00,   0.746229E+02]                           ,
            "broadcast" :[   0.577319E+02,   0.000000E+00]                           ,
            "receive"   :[   0.000000E+00,   0.000000E+00]                           ,
            "send"      :[   0.731000E-02,   0.453900E-02]                           ,
            "wait"      :[   0.167610E-01,   0.187469E+02]                           ,
            "pack"      :[   0.625800E-01,   0.537350E-01]                           ,
            "unpack"    :[   0.000000E+00,   0.000000E+00]                           ,
            "hooks"     :[   0.167400E-02,   0.146300E-02]                           ,
            "aux"       :[   0.000000E+00,   0.000000E+00]                           ,
 "foo":"0"
 }
