 {
            "total"     :  0.361481E+02,
            "predictor" :  0.611922E+01,
            "block"     :  0.361476E+02,
            "iteration" :  0.277877E+02,
            "sweep"     :[   0.666358E+01,   0.116718E+02]                           ,
            "feval"     :[   0.132534E+02,   0.220970E+02]                           ,
            "fcomp"     :[   0.000000E+00,   0.000000E+00]                           ,
            "residual"  :[   0.299997E-01,   0.839121E-01]                           ,
            "interp"    :[   0.000000E+00,   0.995483E+01]                           ,
            "restrict"  :[   0.000000E+00,   0.665960E+01]                           ,
            "broadcast" :[   0.568570E+00,   0.000000E+00]                           ,
            "receive"   :[   0.000000E+00,   0.000000E+00]                           ,
            "send"      :[   0.284630E-03,   0.189536E-03]                           ,
            "wait"      :[   0.169130E-04,   0.108230E-04]                           ,
            "pack"      :[   0.745913E-03,   0.622170E-03]                           ,
            "unpack"    :[   0.000000E+00,   0.000000E+00]                           ,
            "hooks"     :[   0.126210E-04,   0.739700E-05]                           ,
            "aux"       :[   0.000000E+00,   0.000000E+00]                           ,
 "foo":"0"
 }
