 {
            "total"     :  0.123559E+02,
            "predictor" :  0.174496E+01,
            "block"     :  0.123557E+02,
            "iteration" :  0.910665E+01,
            "sweep"     :[   0.188081E+01,   0.330807E+01]                           ,
            "feval"     :[   0.371001E+01,   0.620066E+01]                           ,
            "fcomp"     :[   0.000000E+00,   0.000000E+00]                           ,
            "residual"  :[   0.128810E-01,   0.468750E-01]                           ,
            "interp"    :[   0.000000E+00,   0.280506E+01]                           ,
            "restrict"  :[   0.000000E+00,   0.188153E+01]                           ,
            "broadcast" :[   0.102848E+01,   0.000000E+00]                           ,
            "receive"   :[   0.000000E+00,   0.000000E+00]                           ,
            "send"      :[   0.845460E-01,   0.615410E-01]                           ,
            "wait"      :[   0.104800E-02,   0.110624E+01]                           ,
            "pack"      :[   0.245300E-02,   0.219500E-02]                           ,
            "unpack"    :[   0.000000E+00,   0.000000E+00]                           ,
            "hooks"     :[   0.250000E-04,   0.210000E-04]                           ,
            "aux"       :[   0.000000E+00,   0.000000E+00]                           ,
 "foo":"0"
 }
