 {
            "total"     :  0.242573E+02,
            "predictor" :  0.230525E+01,
            "block"     :  0.242572E+02,
            "iteration" :  0.209671E+02,
            "sweep"     :[   0.460481E+01,   0.754811E+01]                           ,
            "feval"     :[   0.912039E+01,   0.144796E+02]                           ,
            "fcomp"     :[   0.000000E+00,   0.000000E+00]                           ,
            "residual"  :[   0.264211E-01,   0.898985E-01]                           ,
            "interp"    :[   0.000000E+00,   0.684496E+01]                           ,
            "restrict"  :[   0.000000E+00,   0.461894E+01]                           ,
            "broadcast" :[   0.348775E+00,   0.000000E+00]                           ,
            "receive"   :[   0.000000E+00,   0.000000E+00]                           ,
            "send"      :[   0.454309E-03,   0.569896E-03]                           ,
            "wait"      :[   0.140309E-03,   0.205970E-03]                           ,
            "pack"      :[   0.179999E-02,   0.167804E-02]                           ,
            "unpack"    :[   0.000000E+00,   0.000000E+00]                           ,
            "hooks"     :[   0.329770E-04,   0.300830E-04]                           ,
            "aux"       :[   0.000000E+00,   0.000000E+00]                           ,
 "foo":"0"
 }
