 {
            "total"     :  0.368498E+02,
            "predictor" :  0.623549E+01,
            "block"     :  0.368495E+02,
            "iteration" :  0.283372E+02,
            "sweep"     :[   0.679646E+01,   0.118998E+02]                           ,
            "feval"     :[   0.135050E+02,   0.225276E+02]                           ,
            "fcomp"     :[   0.000000E+00,   0.000000E+00]                           ,
            "residual"  :[   0.312639E-01,   0.872447E-01]                           ,
            "interp"    :[   0.000000E+00,   0.101535E+02]                           ,
            "restrict"  :[   0.000000E+00,   0.678246E+01]                           ,
            "broadcast" :[   0.577064E+00,   0.000000E+00]                           ,
            "receive"   :[   0.000000E+00,   0.000000E+00]                           ,
            "send"      :[   0.183186E-03,   0.190147E-03]                           ,
            "wait"      :[   0.228740E-04,   0.102710E-04]                           ,
            "pack"      :[   0.723015E-03,   0.602192E-03]                           ,
            "unpack"    :[   0.000000E+00,   0.000000E+00]                           ,
            "hooks"     :[   0.121760E-04,   0.830700E-05]                           ,
            "aux"       :[   0.000000E+00,   0.000000E+00]                           ,
 "foo":"0"
 }
