 {
            "total"     :  0.128490E+03,
            "predictor" :  0.216737E+02,
            "block"     :  0.128489E+03,
            "iteration" :  0.987915E+02,
            "sweep"     :[   0.236897E+02,   0.414221E+02]                           ,
            "feval"     :[   0.469472E+02,   0.782259E+02]                           ,
            "fcomp"     :[   0.000000E+00,   0.000000E+00]                           ,
            "residual"  :[   0.190027E+00,   0.491178E+00]                           ,
            "interp"    :[   0.000000E+00,   0.352891E+02]                           ,
            "restrict"  :[   0.000000E+00,   0.236161E+02]                           ,
            "broadcast" :[   0.209952E+01,   0.000000E+00]                           ,
            "receive"   :[   0.000000E+00,   0.000000E+00]                           ,
            "send"      :[   0.242880E-02,   0.327924E-03]                           ,
            "wait"      :[   0.574810E-04,   0.118027E-03]                           ,
            "pack"      :[   0.239441E-02,   0.199139E-02]                           ,
            "unpack"    :[   0.000000E+00,   0.000000E+00]                           ,
            "hooks"     :[   0.165780E-04,   0.111720E-04]                           ,
            "aux"       :[   0.000000E+00,   0.000000E+00]                           ,
 "foo":"0"
 }
