 {
            "total"     :  0.858965E+02,
            "predictor" :  0.151852E+02,
            "block"     :  0.858855E+02,
            "iteration" :  0.595478E+02,
            "sweep"     :[   0.136840E+02,   0.250276E+02]                           ,
            "feval"     :[   0.253699E+02,   0.422117E+02]                           ,
            "fcomp"     :[   0.000000E+00,   0.000000E+00]                           ,
            "residual"  :[   0.633095E+00,   0.236961E+01]                           ,
            "interp"    :[   0.000000E+00,   0.193694E+02]                           ,
            "restrict"  :[   0.000000E+00,   0.142943E+02]                           ,
            "broadcast" :[   0.697683E+01,   0.000000E+00]                           ,
            "receive"   :[   0.000000E+00,   0.000000E+00]                           ,
            "send"      :[   0.523000E-03,   0.431000E-03]                           ,
            "wait"      :[   0.244000E-03,   0.781487E+00]                           ,
            "pack"      :[   0.291410E-01,   0.237800E-01]                           ,
            "unpack"    :[   0.000000E+00,   0.000000E+00]                           ,
            "hooks"     :[   0.280000E-03,   0.235000E-03]                           ,
            "aux"       :[   0.000000E+00,   0.000000E+00]                           ,
 "foo":"0"
 }
