 {
            "total"     :  0.541699E+02,
            "predictor" :  0.104425E+02,
            "block"     :  0.541622E+02,
            "iteration" :  0.378989E+02,
            "sweep"     :[   0.936100E+01,   0.170709E+02]                           ,
            "feval"     :[   0.169370E+02,   0.288137E+02]                           ,
            "fcomp"     :[   0.000000E+00,   0.000000E+00]                           ,
            "residual"  :[   0.528324E+00,   0.175831E+01]                           ,
            "interp"    :[   0.000000E+00,   0.130884E+02]                           ,
            "restrict"  :[   0.000000E+00,   0.924205E+01]                           ,
            "broadcast" :[   0.294202E+01,   0.000000E+00]                           ,
            "receive"   :[   0.000000E+00,   0.000000E+00]                           ,
            "send"      :[   0.144600E-02,   0.882000E-03]                           ,
            "wait"      :[   0.163000E-02,   0.508000E-03]                           ,
            "pack"      :[   0.148980E-01,   0.122250E-01]                           ,
            "unpack"    :[   0.000000E+00,   0.000000E+00]                           ,
            "hooks"     :[   0.623000E-03,   0.658000E-03]                           ,
            "aux"       :[   0.000000E+00,   0.000000E+00]                           ,
 "foo":"0"
 }
