 {
            "total"     :  0.572952E+04,
            "predictor" :  0.462550E+03,
            "block"     :  0.572952E+04,
            "iteration" :  0.501484E+04,
            "sweep"     :[   0.109061E+04,   0.179390E+04]                           ,
            "feval"     :[   0.213857E+04,   0.348605E+04]                           ,
            "fcomp"     :[   0.000000E+00,   0.000000E+00]                           ,
            "residual"  :[   0.218243E+00,   0.744556E+00]                           ,
            "interp"    :[   0.000000E+00,   0.164403E+04]                           ,
            "restrict"  :[   0.000000E+00,   0.104884E+04]                           ,
            "broadcast" :[   0.102306E+03,   0.000000E+00]                           ,
            "receive"   :[   0.000000E+00,   0.000000E+00]                           ,
            "send"      :[   0.455521E-02,   0.450218E-02]                           ,
            "wait"      :[   0.308396E-02,   0.303985E-02]                           ,
            "pack"      :[   0.126039E-01,   0.115055E-01]                           ,
            "unpack"    :[   0.000000E+00,   0.000000E+00]                           ,
            "hooks"     :[   0.451004E-03,   0.238771E-03]                           ,
            "aux"       :[   0.000000E+00,   0.000000E+00]                           ,
 "foo":"0"
 }
