 {
            "total"     :  0.462655E+00,
            "predictor" :  0.948430E-01,
            "block"     :  0.462611E+00,
            "iteration" :  0.294593E+00,
            "sweep"     :[   0.698460E-01,   0.130173E+00]                           ,
            "feval"     :[   0.129453E+00,   0.216642E+00]                           ,
            "fcomp"     :[   0.000000E+00,   0.000000E+00]                           ,
            "residual"  :[   0.466100E-02,   0.155230E-01]                           ,
            "interp"    :[   0.000000E+00,   0.101419E+00]                           ,
            "restrict"  :[   0.000000E+00,   0.752160E-01]                           ,
            "broadcast" :[   0.526540E-01,   0.000000E+00]                           ,
            "receive"   :[   0.000000E+00,   0.000000E+00]                           ,
            "send"      :[   0.690000E-04,   0.350000E-04]                           ,
            "wait"      :[   0.214000E-03,   0.200000E-04]                           ,
            "pack"      :[   0.342000E-03,   0.239000E-03]                           ,
            "unpack"    :[   0.000000E+00,   0.000000E+00]                           ,
            "hooks"     :[   0.317000E-03,   0.132000E-03]                           ,
            "aux"       :[   0.000000E+00,   0.000000E+00]                           ,
 "foo":"0"
 }
