 {
            "total"     :  0.853959E+02,
            "predictor" :  0.324283E+02,
            "block"     :  0.853941E+02,
            "iteration" :  0.371483E+02,
            "sweep"     :[   0.134694E+02,   0.276356E+02]                           ,
            "feval"     :[   0.245816E+02,   0.451662E+02]                           ,
            "fcomp"     :[   0.000000E+00,   0.000000E+00]                           ,
            "residual"  :[   0.849017E+00,   0.269688E+01]                           ,
            "interp"    :[   0.000000E+00,   0.175961E+02]                           ,
            "restrict"  :[   0.000000E+00,   0.128925E+02]                           ,
            "broadcast" :[   0.719020E+01,   0.000000E+00]                           ,
            "receive"   :[   0.000000E+00,   0.000000E+00]                           ,
            "send"      :[   0.512492E-01,   0.263903E-01]                           ,
            "wait"      :[   0.400949E-02,   0.153476E-02]                           ,
            "pack"      :[   0.832707E+00,   0.428011E+00]                           ,
            "unpack"    :[   0.000000E+00,   0.000000E+00]                           ,
            "hooks"     :[   0.208119E-02,   0.164174E-02]                           ,
            "aux"       :[   0.000000E+00,   0.000000E+00]                           ,
 "foo":"0"
 }
