 {
            "total"     :  0.386241E+03,
            "predictor" :  0.644155E+02,
            "block"     :  0.386240E+03,
            "iteration" :  0.293546E+03,
            "sweep"     :[   0.704827E+02,   0.123292E+03]                           ,
            "feval"     :[   0.139640E+03,   0.232667E+03]                           ,
            "fcomp"     :[   0.000000E+00,   0.000000E+00]                           ,
            "residual"  :[   0.511032E+00,   0.131789E+01]                           ,
            "interp"    :[   0.000000E+00,   0.104705E+03]                           ,
            "restrict"  :[   0.000000E+00,   0.700887E+02]                           ,
            "broadcast" :[   0.107392E+02,   0.000000E+00]                           ,
            "receive"   :[   0.000000E+00,   0.000000E+00]                           ,
            "send"      :[   0.133736E-02,   0.105183E-02]                           ,
            "wait"      :[   0.111961E-03,   0.839580E-04]                           ,
            "pack"      :[   0.704730E-02,   0.594968E-02]                           ,
            "unpack"    :[   0.000000E+00,   0.000000E+00]                           ,
            "hooks"     :[   0.823950E-04,   0.617210E-04]                           ,
            "aux"       :[   0.000000E+00,   0.000000E+00]                           ,
 "foo":"0"
 }
