 {
            "total"     :  0.124397E+03,
            "predictor" :  0.206430E+02,
            "block"     :  0.124397E+03,
            "iteration" :  0.938935E+02,
            "sweep"     :[   0.224643E+02,   0.393912E+02]                           ,
            "feval"     :[   0.444204E+02,   0.740047E+02]                           ,
            "fcomp"     :[   0.000000E+00,   0.000000E+00]                           ,
            "residual"  :[   0.148245E+00,   0.523932E+00]                           ,
            "interp"    :[   0.000000E+00,   0.334682E+02]                           ,
            "restrict"  :[   0.000000E+00,   0.225253E+02]                           ,
            "broadcast" :[   0.423402E+01,   0.000000E+00]                           ,
            "receive"   :[   0.000000E+00,   0.000000E+00]                           ,
            "send"      :[   0.663000E-03,   0.480000E-03]                           ,
            "wait"      :[   0.304000E-03,   0.224000E-03]                           ,
            "pack"      :[   0.100700E-01,   0.857000E-02]                           ,
            "unpack"    :[   0.000000E+00,   0.000000E+00]                           ,
            "hooks"     :[   0.262000E-03,   0.348000E-03]                           ,
            "aux"       :[   0.000000E+00,   0.000000E+00]                           ,
 "foo":"0"
 }
