 {
            "total"     :  0.117540E+00,
            "predictor" :  0.170090E-01,
            "block"     :  0.117491E+00,
            "iteration" :  0.959870E-01,
            "sweep"     :[   0.176790E-01,   0.313910E-01]                           ,
            "feval"     :[   0.317360E-01,   0.527150E-01]                           ,
            "fcomp"     :[   0.000000E+00,   0.000000E+00]                           ,
            "residual"  :[   0.938000E-03,   0.346300E-02]                           ,
            "interp"    :[   0.000000E+00,   0.250450E-01]                           ,
            "restrict"  :[   0.000000E+00,   0.180880E-01]                           ,
            "broadcast" :[   0.000000E+00,   0.000000E+00]                           ,
            "receive"   :[   0.000000E+00,   0.000000E+00]                           ,
            "send"      :[   0.199000E-03,   0.400000E-05]                           ,
            "wait"      :[   0.134000E-03,   0.150520E-01]                           ,
            "pack"      :[   0.270000E-04,   0.230000E-04]                           ,
            "unpack"    :[   0.000000E+00,   0.000000E+00]                           ,
            "hooks"     :[   0.100000E-05,   0.200000E-05]                           ,
            "aux"       :[   0.000000E+00,   0.000000E+00]                           ,
 "foo":"0"
 }
