 {
            "total"     :  0.105167E+03,
            "predictor" :  0.976808E+01,
            "block"     :  0.105167E+03,
            "iteration" :  0.856356E+02,
            "sweep"     :[   0.187153E+02,   0.306082E+02]                           ,
            "feval"     :[   0.372969E+02,   0.591493E+02]                           ,
            "fcomp"     :[   0.000000E+00,   0.000000E+00]                           ,
            "residual"  :[   0.157491E+00,   0.418161E+00]                           ,
            "interp"    :[   0.000000E+00,   0.280569E+02]                           ,
            "restrict"  :[   0.000000E+00,   0.189976E+02]                           ,
            "broadcast" :[   0.727393E+01,   0.000000E+00]                           ,
            "receive"   :[   0.000000E+00,   0.000000E+00]                           ,
            "send"      :[   0.104504E-01,   0.925394E-02]                           ,
            "wait"      :[   0.819153E-03,   0.673933E-03]                           ,
            "pack"      :[   0.156099E-01,   0.149444E-01]                           ,
            "unpack"    :[   0.000000E+00,   0.000000E+00]                           ,
            "hooks"     :[   0.107469E-02,   0.820141E-03]                           ,
            "aux"       :[   0.000000E+00,   0.000000E+00]                           ,
 "foo":"0"
 }
