 {
            "total"     :  0.569467E+02,
            "predictor" :  0.588033E+01,
            "block"     :  0.569466E+02,
            "iteration" :  0.351548E+02,
            "sweep"     :[   0.639735E+01,   0.112184E+02]                           ,
            "feval"     :[   0.126340E+02,   0.210978E+02]                           ,
            "fcomp"     :[   0.000000E+00,   0.000000E+00]                           ,
            "residual"  :[   0.441330E-01,   0.156565E+00]                           ,
            "interp"    :[   0.000000E+00,   0.955924E+01]                           ,
            "restrict"  :[   0.000000E+00,   0.640873E+01]                           ,
            "broadcast" :[   0.143065E+02,   0.000000E+00]                           ,
            "receive"   :[   0.000000E+00,   0.000000E+00]                           ,
            "send"      :[   0.626000E-03,   0.303000E-03]                           ,
            "wait"      :[   0.548399E+00,   0.507912E+01]                           ,
            "pack"      :[   0.305100E-02,   0.259300E-02]                           ,
            "unpack"    :[   0.000000E+00,   0.000000E+00]                           ,
            "hooks"     :[   0.121000E-03,   0.760000E-04]                           ,
            "aux"       :[   0.000000E+00,   0.000000E+00]                           ,
 "foo":"0"
 }
