 {
            "total"     :  0.836665E+02,
            "predictor" :  0.257760E+02,
            "block"     :  0.836644E+02,
            "iteration" :  0.347097E+02,
            "sweep"     :[   0.115716E+02,   0.239790E+02]                           ,
            "feval"     :[   0.203244E+02,   0.390822E+02]                           ,
            "fcomp"     :[   0.000000E+00,   0.000000E+00]                           ,
            "residual"  :[   0.110297E+01,   0.308272E+01]                           ,
            "interp"    :[   0.000000E+00,   0.157422E+02]                           ,
            "restrict"  :[   0.000000E+00,   0.107223E+02]                           ,
            "broadcast" :[   0.163983E+02,   0.000000E+00]                           ,
            "receive"   :[   0.000000E+00,   0.000000E+00]                           ,
            "send"      :[   0.101837E-01,   0.535329E-02]                           ,
            "wait"      :[   0.817714E-03,   0.473695E-03]                           ,
            "pack"      :[   0.815611E-01,   0.671031E-01]                           ,
            "unpack"    :[   0.000000E+00,   0.000000E+00]                           ,
            "hooks"     :[   0.899444E-03,   0.773568E-03]                           ,
            "aux"       :[   0.000000E+00,   0.000000E+00]                           ,
 "foo":"0"
 }
