 {
            "total"     :  0.285302E+04,
            "predictor" :  0.396135E+03,
            "block"     :  0.285302E+04,
            "iteration" :  0.209077E+04,
            "sweep"     :[   0.496855E+03,   0.865557E+03]                           ,
            "feval"     :[   0.959486E+03,   0.165057E+04]                           ,
            "fcomp"     :[   0.000000E+00,   0.000000E+00]                           ,
            "residual"  :[   0.732276E-01,   0.256702E+00]                           ,
            "interp"    :[   0.000000E+00,   0.741092E+03]                           ,
            "restrict"  :[   0.000000E+00,   0.462917E+03]                           ,
            "broadcast" :[   0.242084E+03,   0.000000E+00]                           ,
            "receive"   :[   0.000000E+00,   0.000000E+00]                           ,
            "send"      :[   0.365505E-02,   0.125091E-02]                           ,
            "wait"      :[   0.661620E-03,   0.538993E-03]                           ,
            "pack"      :[   0.479191E-02,   0.402724E-02]                           ,
            "unpack"    :[   0.000000E+00,   0.000000E+00]                           ,
            "hooks"     :[   0.176421E-03,   0.160170E-03]                           ,
            "aux"       :[   0.000000E+00,   0.000000E+00]                           ,
 "foo":"0"
 }
