 {
            "total"     :  0.856939E+02,
            "predictor" :  0.387076E+02,
            "block"     :  0.856921E+02,
            "iteration" :  0.382841E+02,
            "sweep"     :[   0.187686E+02,   0.278850E+02]                           ,
            "feval"     :[   0.297359E+02,   0.454524E+02]                           ,
            "fcomp"     :[   0.000000E+00,   0.000000E+00]                           ,
            "residual"  :[   0.122750E+01,   0.261118E+01]                           ,
            "interp"    :[   0.000000E+00,   0.175588E+02]                           ,
            "restrict"  :[   0.000000E+00,   0.133365E+02]                           ,
            "broadcast" :[   0.329067E+00,   0.000000E+00]                           ,
            "receive"   :[   0.228178E+01,   0.000000E+00]                           ,
            "send"      :[   0.000000E+00,   0.000000E+00]                           ,
            "wait"      :[   0.931458E-03,   0.841105E-03]                           ,
            "pack"      :[   0.000000E+00,   0.000000E+00]                           ,
            "unpack"    :[   0.853515E-02,   0.308807E-02]                           ,
            "hooks"     :[   0.185077E-02,   0.157298E-02]                           ,
            "aux"       :[   0.000000E+00,   0.000000E+00]                           ,
 "foo":"0"
 }
