 {
            "total"     :  0.189407E+00,
            "predictor" :  0.759830E-01,
            "block"     :  0.189362E+00,
            "iteration" :  0.104567E+00,
            "sweep"     :[   0.289630E-01,   0.442860E-01]                           ,
            "feval"     :[   0.464500E-01,   0.725160E-01]                           ,
            "fcomp"     :[   0.000000E+00,   0.000000E+00]                           ,
            "residual"  :[   0.155700E-02,   0.473900E-02]                           ,
            "interp"    :[   0.000000E+00,   0.332850E-01]                           ,
            "restrict"  :[   0.000000E+00,   0.233770E-01]                           ,
            "broadcast" :[   0.120000E-04,   0.000000E+00]                           ,
            "receive"   :[   0.529770E-01,   0.000000E+00]                           ,
            "send"      :[   0.000000E+00,   0.000000E+00]                           ,
            "wait"      :[   0.400000E-05,   0.700000E-05]                           ,
            "pack"      :[   0.000000E+00,   0.000000E+00]                           ,
            "unpack"    :[   0.340000E-04,   0.280000E-04]                           ,
            "hooks"     :[   0.600000E-05,   0.000000E+00]                           ,
            "aux"       :[   0.000000E+00,   0.000000E+00]                           ,
 "foo":"0"
 }
