 {
            "total"     :  0.518629E+03,
            "predictor" :  0.193710E+03,
            "block"     :  0.518570E+03,
            "iteration" :  0.302207E+03,
            "sweep"     :[   0.887385E+02,   0.135326E+03]                           ,
            "feval"     :[   0.148273E+03,   0.229297E+03]                           ,
            "fcomp"     :[   0.000000E+00,   0.000000E+00]                           ,
            "residual"  :[   0.390057E+01,   0.123642E+02]                           ,
            "interp"    :[   0.000000E+00,   0.106984E+03]                           ,
            "restrict"  :[   0.000000E+00,   0.746867E+02]                           ,
            "broadcast" :[   0.105770E-01,   0.000000E+00]                           ,
            "receive"   :[   0.963534E+02,   0.000000E+00]                           ,
            "send"      :[   0.000000E+00,   0.000000E+00]                           ,
            "wait"      :[   0.192600E-02,   0.421600E-02]                           ,
            "pack"      :[   0.000000E+00,   0.000000E+00]                           ,
            "unpack"    :[   0.660280E-01,   0.505830E-01]                           ,
            "hooks"     :[   0.166000E-02,   0.137400E-02]                           ,
            "aux"       :[   0.000000E+00,   0.000000E+00]                           ,
 "foo":"0"
 }
