 {
            "total"     :  0.126206E+02,
            "predictor" :  0.411587E+01,
            "block"     :  0.126205E+02,
            "iteration" :  0.803304E+01,
            "sweep"     :[   0.220068E+01,   0.329745E+01]                           ,
            "feval"     :[   0.402698E+01,   0.618899E+01]                           ,
            "fcomp"     :[   0.000000E+00,   0.000000E+00]                           ,
            "residual"  :[   0.152840E-01,   0.463300E-01]                           ,
            "interp"    :[   0.000000E+00,   0.281111E+01]                           ,
            "restrict"  :[   0.000000E+00,   0.188371E+01]                           ,
            "broadcast" :[   0.100300E-02,   0.000000E+00]                           ,
            "receive"   :[   0.216941E+01,   0.000000E+00]                           ,
            "send"      :[   0.000000E+00,   0.000000E+00]                           ,
            "wait"      :[   0.450000E-04,   0.631720E-01]                           ,
            "pack"      :[   0.000000E+00,   0.000000E+00]                           ,
            "unpack"    :[   0.673000E-03,   0.519000E-03]                           ,
            "hooks"     :[   0.430000E-04,   0.110000E-04]                           ,
            "aux"       :[   0.000000E+00,   0.000000E+00]                           ,
 "foo":"0"
 }
