 {
            "total"     :  0.130586E+03,
            "predictor" :  0.256731E+02,
            "block"     :  0.130585E+03,
            "iteration" :  0.989694E+02,
            "sweep"     :[   0.277018E+02,   0.415493E+02]                           ,
            "feval"     :[   0.509209E+02,   0.783838E+02]                           ,
            "fcomp"     :[   0.000000E+00,   0.000000E+00]                           ,
            "residual"  :[   0.222153E+00,   0.490011E+00]                           ,
            "interp"    :[   0.000000E+00,   0.353422E+02]                           ,
            "restrict"  :[   0.000000E+00,   0.236183E+02]                           ,
            "broadcast" :[   0.186910E-03,   0.000000E+00]                           ,
            "receive"   :[   0.249651E-02,   0.000000E+00]                           ,
            "send"      :[   0.000000E+00,   0.000000E+00]                           ,
            "wait"      :[   0.204680E-04,   0.393690E-04]                           ,
            "pack"      :[   0.000000E+00,   0.000000E+00]                           ,
            "unpack"    :[   0.278007E-02,   0.231947E-02]                           ,
            "hooks"     :[   0.166100E-04,   0.119630E-04]                           ,
            "aux"       :[   0.000000E+00,   0.000000E+00]                           ,
 "foo":"0"
 }
