 {
            "total"     :  0.243373E+02,
            "predictor" :  0.271315E+01,
            "block"     :  0.243371E+02,
            "iteration" :  0.210074E+02,
            "sweep"     :[   0.495064E+01,   0.742386E+01]                           ,
            "feval"     :[   0.938770E+01,   0.142484E+02]                           ,
            "fcomp"     :[   0.000000E+00,   0.000000E+00]                           ,
            "residual"  :[   0.283072E-01,   0.878005E-01]                           ,
            "interp"    :[   0.000000E+00,   0.675431E+01]                           ,
            "restrict"  :[   0.000000E+00,   0.454252E+01]                           ,
            "broadcast" :[   0.392902E-03,   0.000000E+00]                           ,
            "receive"   :[   0.384942E+00,   0.000000E+00]                           ,
            "send"      :[   0.000000E+00,   0.000000E+00]                           ,
            "wait"      :[   0.239080E-04,   0.568980E-04]                           ,
            "pack"      :[   0.000000E+00,   0.000000E+00]                           ,
            "unpack"    :[   0.158745E-02,   0.141218E-02]                           ,
            "hooks"     :[   0.304150E-04,   0.335540E-04]                           ,
            "aux"       :[   0.000000E+00,   0.000000E+00]                           ,
 "foo":"0"
 }
