 {
            "total"     :  0.881584E+02,
            "predictor" :  0.202484E+02,
            "block"     :  0.881473E+02,
            "iteration" :  0.637151E+02,
            "sweep"     :[   0.172906E+02,   0.251500E+02]                           ,
            "feval"     :[   0.282395E+02,   0.424103E+02]                           ,
            "fcomp"     :[   0.000000E+00,   0.000000E+00]                           ,
            "residual"  :[   0.777032E+00,   0.239579E+01]                           ,
            "interp"    :[   0.000000E+00,   0.197593E+02]                           ,
            "restrict"  :[   0.000000E+00,   0.138316E+02]                           ,
            "broadcast" :[   0.178800E-02,   0.000000E+00]                           ,
            "receive"   :[   0.641216E+01,   0.000000E+00]                           ,
            "send"      :[   0.000000E+00,   0.000000E+00]                           ,
            "wait"      :[   0.197000E-03,   0.410000E-03]                           ,
            "pack"      :[   0.000000E+00,   0.000000E+00]                           ,
            "unpack"    :[   0.151160E-01,   0.118470E-01]                           ,
            "hooks"     :[   0.261000E-03,   0.182000E-03]                           ,
            "aux"       :[   0.000000E+00,   0.000000E+00]                           ,
 "foo":"0"
 }
