 {
            "total"     :  0.124446E+03,
            "predictor" :  0.244671E+02,
            "block"     :  0.124446E+03,
            "iteration" :  0.943403E+02,
            "sweep"     :[   0.262385E+02,   0.394323E+02]                           ,
            "feval"     :[   0.481485E+02,   0.740582E+02]                           ,
            "fcomp"     :[   0.000000E+00,   0.000000E+00]                           ,
            "residual"  :[   0.176046E+00,   0.527846E+00]                           ,
            "interp"    :[   0.000000E+00,   0.335581E+02]                           ,
            "restrict"  :[   0.000000E+00,   0.225287E+02]                           ,
            "broadcast" :[   0.853000E-03,   0.000000E+00]                           ,
            "receive"   :[   0.380754E+00,   0.000000E+00]                           ,
            "send"      :[   0.000000E+00,   0.000000E+00]                           ,
            "wait"      :[   0.176000E-03,   0.396000E-03]                           ,
            "pack"      :[   0.000000E+00,   0.000000E+00]                           ,
            "unpack"    :[   0.568200E-02,   0.509200E-02]                           ,
            "hooks"     :[   0.278000E-03,   0.382000E-03]                           ,
            "aux"       :[   0.000000E+00,   0.000000E+00]                           ,
 "foo":"0"
 }
