 {
            "total"     :  0.387421E+03,
            "predictor" :  0.760838E+02,
            "block"     :  0.387420E+03,
            "iteration" :  0.293806E+03,
            "sweep"     :[   0.823337E+02,   0.122771E+03]                           ,
            "feval"     :[   0.151256E+03,   0.231930E+03]                           ,
            "fcomp"     :[   0.000000E+00,   0.000000E+00]                           ,
            "residual"  :[   0.602279E+00,   0.130871E+01]                           ,
            "interp"    :[   0.000000E+00,   0.104567E+03]                           ,
            "restrict"  :[   0.000000E+00,   0.699619E+02]                           ,
            "broadcast" :[   0.446491E-03,   0.000000E+00]                           ,
            "receive"   :[   0.888617E+00,   0.000000E+00]                           ,
            "send"      :[   0.000000E+00,   0.000000E+00]                           ,
            "wait"      :[   0.661380E-04,   0.124029E-03]                           ,
            "pack"      :[   0.000000E+00,   0.000000E+00]                           ,
            "unpack"    :[   0.805741E-02,   0.664738E-02]                           ,
            "hooks"     :[   0.598310E-04,   0.475230E-04]                           ,
            "aux"       :[   0.000000E+00,   0.000000E+00]                           ,
 "foo":"0"
 }
