 {
            "total"     :  0.672952E+00,
            "predictor" :  0.203369E+00,
            "block"     :  0.672901E+00,
            "iteration" :  0.447430E+00,
            "sweep"     :[   0.101205E+00,   0.153858E+00]                           ,
            "feval"     :[   0.167054E+00,   0.256591E+00]                           ,
            "fcomp"     :[   0.000000E+00,   0.000000E+00]                           ,
            "residual"  :[   0.535900E-02,   0.170700E-01]                           ,
            "interp"    :[   0.000000E+00,   0.123327E+00]                           ,
            "restrict"  :[   0.000000E+00,   0.866430E-01]                           ,
            "broadcast" :[   0.410000E-04,   0.000000E+00]                           ,
            "receive"   :[   0.128493E+00,   0.000000E+00]                           ,
            "send"      :[   0.000000E+00,   0.000000E+00]                           ,
            "wait"      :[   0.100000E-04,   0.190730E-01]                           ,
            "pack"      :[   0.000000E+00,   0.000000E+00]                           ,
            "unpack"    :[   0.310000E-03,   0.214000E-03]                           ,
            "hooks"     :[   0.110000E-04,   0.600000E-05]                           ,
            "aux"       :[   0.000000E+00,   0.000000E+00]                           ,
 "foo":"0"
 }
