 {
            "total"     :  0.367068E+02,
            "predictor" :  0.723417E+01,
            "block"     :  0.367065E+02,
            "iteration" :  0.277957E+02,
            "sweep"     :[   0.777882E+01,   0.116717E+02]                           ,
            "feval"     :[   0.143523E+02,   0.221050E+02]                           ,
            "fcomp"     :[   0.000000E+00,   0.000000E+00]                           ,
            "residual"  :[   0.374552E-01,   0.859426E-01]                           ,
            "interp"    :[   0.000000E+00,   0.997121E+01]                           ,
            "restrict"  :[   0.000000E+00,   0.665270E+01]                           ,
            "broadcast" :[   0.106626E-03,   0.000000E+00]                           ,
            "receive"   :[   0.260942E-02,   0.000000E+00]                           ,
            "send"      :[   0.000000E+00,   0.000000E+00]                           ,
            "wait"      :[   0.131550E-04,   0.132790E-04]                           ,
            "pack"      :[   0.000000E+00,   0.000000E+00]                           ,
            "unpack"    :[   0.779825E-03,   0.670285E-03]                           ,
            "hooks"     :[   0.112300E-04,   0.930700E-05]                           ,
            "aux"       :[   0.000000E+00,   0.000000E+00]                           ,
 "foo":"0"
 }
