 {
            "total"     :  0.471404E+00,
            "predictor" :  0.132406E+00,
            "block"     :  0.471334E+00,
            "iteration" :  0.307448E+00,
            "sweep"     :[   0.928070E-01,   0.142858E+00]                           ,
            "feval"     :[   0.144690E+00,   0.234366E+00]                           ,
            "fcomp"     :[   0.000000E+00,   0.000000E+00]                           ,
            "residual"  :[   0.676500E-02,   0.170510E-01]                           ,
            "interp"    :[   0.000000E+00,   0.107736E+00]                           ,
            "restrict"  :[   0.000000E+00,   0.707580E-01]                           ,
            "broadcast" :[   0.460000E-04,   0.000000E+00]                           ,
            "receive"   :[   0.328770E-01,   0.000000E+00]                           ,
            "send"      :[   0.000000E+00,   0.000000E+00]                           ,
            "wait"      :[   0.250000E-04,   0.154000E-03]                           ,
            "pack"      :[   0.000000E+00,   0.000000E+00]                           ,
            "unpack"    :[   0.233000E-03,   0.196000E-03]                           ,
            "hooks"     :[   0.213000E-03,   0.980000E-04]                           ,
            "aux"       :[   0.000000E+00,   0.000000E+00]                           ,
 "foo":"0"
 }
