 {
            "total"     :  0.573866E+04,
            "predictor" :  0.537392E+03,
            "block"     :  0.573866E+04,
            "iteration" :  0.504810E+04,
            "sweep"     :[   0.116083E+04,   0.177664E+04]                           ,
            "feval"     :[   0.220066E+04,   0.343078E+04]                           ,
            "fcomp"     :[   0.000000E+00,   0.000000E+00]                           ,
            "residual"  :[   0.239115E+00,   0.742075E+00]                           ,
            "interp"    :[   0.000000E+00,   0.162640E+04]                           ,
            "restrict"  :[   0.000000E+00,   0.104074E+04]                           ,
            "broadcast" :[   0.233315E-02,   0.000000E+00]                           ,
            "receive"   :[   0.104525E+03,   0.000000E+00]                           ,
            "send"      :[   0.000000E+00,   0.000000E+00]                           ,
            "wait"      :[   0.687539E-03,   0.188890E-02]                           ,
            "pack"      :[   0.000000E+00,   0.000000E+00]                           ,
            "unpack"    :[   0.153546E-01,   0.111386E-01]                           ,
            "hooks"     :[   0.362295E-03,   0.323925E-03]                           ,
            "aux"       :[   0.000000E+00,   0.000000E+00]                           ,
 "foo":"0"
 }
