 {
            "total"     :  0.374284E+02,
            "predictor" :  0.738119E+01,
            "block"     :  0.374280E+02,
            "iteration" :  0.283403E+02,
            "sweep"     :[   0.793236E+01,   0.119019E+02]                           ,
            "feval"     :[   0.146330E+02,   0.225319E+02]                           ,
            "fcomp"     :[   0.000000E+00,   0.000000E+00]                           ,
            "residual"  :[   0.377333E-01,   0.889908E-01]                           ,
            "interp"    :[   0.000000E+00,   0.101621E+02]                           ,
            "restrict"  :[   0.000000E+00,   0.678369E+01]                           ,
            "broadcast" :[   0.114151E-03,   0.000000E+00]                           ,
            "receive"   :[   0.495078E-02,   0.000000E+00]                           ,
            "send"      :[   0.000000E+00,   0.000000E+00]                           ,
            "wait"      :[   0.108210E-04,   0.161510E-04]                           ,
            "pack"      :[   0.000000E+00,   0.000000E+00]                           ,
            "unpack"    :[   0.759826E-03,   0.655768E-03]                           ,
            "hooks"     :[   0.142900E-04,   0.914000E-05]                           ,
            "aux"       :[   0.000000E+00,   0.000000E+00]                           ,
 "foo":"0"
 }
