 {
            "total"     :  0.550207E+02,
            "predictor" :  0.126069E+02,
            "block"     :  0.550128E+02,
            "iteration" :  0.395472E+02,
            "sweep"     :[   0.112827E+02,   0.170857E+02]                           ,
            "feval"     :[   0.186509E+02,   0.288469E+02]                           ,
            "fcomp"     :[   0.000000E+00,   0.000000E+00]                           ,
            "residual"  :[   0.638440E+00,   0.182316E+01]                           ,
            "interp"    :[   0.000000E+00,   0.133021E+02]                           ,
            "restrict"  :[   0.000000E+00,   0.922780E+01]                           ,
            "broadcast" :[   0.169700E-02,   0.000000E+00]                           ,
            "receive"   :[   0.896766E+00,   0.000000E+00]                           ,
            "send"      :[   0.000000E+00,   0.000000E+00]                           ,
            "wait"      :[   0.450000E-03,   0.871000E-03]                           ,
            "pack"      :[   0.000000E+00,   0.000000E+00]                           ,
            "unpack"    :[   0.751900E-02,   0.525800E-02]                           ,
            "hooks"     :[   0.609000E-03,   0.617000E-03]                           ,
            "aux"       :[   0.000000E+00,   0.000000E+00]                           ,
 "foo":"0"
 }
