 {
            "total"     :  0.154935E+00,
            "predictor" :  0.585300E-01,
            "block"     :  0.154886E+00,
            "iteration" :  0.918830E-01,
            "sweep"     :[   0.231490E-01,   0.308200E-01]                           ,
            "feval"     :[   0.364380E-01,   0.515950E-01]                           ,
            "fcomp"     :[   0.000000E+00,   0.000000E+00]                           ,
            "residual"  :[   0.124600E-02,   0.340900E-02]                           ,
            "interp"    :[   0.000000E+00,   0.248220E-01]                           ,
            "restrict"  :[   0.000000E+00,   0.179060E-01]                           ,
            "broadcast" :[   0.000000E+00,   0.000000E+00]                           ,
            "receive"   :[   0.459630E-01,   0.000000E+00]                           ,
            "send"      :[   0.700000E-05,   0.500000E-05]                           ,
            "wait"      :[   0.600000E-05,   0.792600E-02]                           ,
            "pack"      :[   0.210000E-04,   0.190000E-04]                           ,
            "unpack"    :[   0.250000E-04,   0.190000E-04]                           ,
            "hooks"     :[   0.200000E-05,   0.100000E-05]                           ,
            "aux"       :[   0.000000E+00,   0.000000E+00]                           ,
 "foo":"0"
 }
