 {
            "total"     :  0.285975E+04,
            "predictor" :  0.529267E+03,
            "block"     :  0.285975E+04,
            "iteration" :  0.213063E+04,
            "sweep"     :[   0.620649E+03,   0.850092E+03]                           ,
            "feval"     :[   0.107223E+04,   0.161878E+04]                           ,
            "fcomp"     :[   0.000000E+00,   0.000000E+00]                           ,
            "residual"  :[   0.973171E-01,   0.260905E+00]                           ,
            "interp"    :[   0.000000E+00,   0.727706E+03]                           ,
            "restrict"  :[   0.000000E+00,   0.451916E+03]                           ,
            "broadcast" :[   0.793808E+02,   0.000000E+00]                           ,
            "receive"   :[   0.883945E+02,   0.000000E+00]                           ,
            "send"      :[   0.122900E-02,   0.145197E-02]                           ,
            "wait"      :[   0.310429E-03,   0.596017E-03]                           ,
            "pack"      :[   0.470861E-02,   0.407392E-02]                           ,
            "unpack"    :[   0.567914E-02,   0.400868E-02]                           ,
            "hooks"     :[   0.172934E-03,   0.168690E-03]                           ,
            "aux"       :[   0.000000E+00,   0.000000E+00]                           ,
 "foo":"0"
 }
