 {
            "total"     :  0.105324E+03,
            "predictor" :  0.134916E+02,
            "block"     :  0.105324E+03,
            "iteration" :  0.874000E+02,
            "sweep"     :[   0.225943E+02,   0.299830E+02]                           ,
            "feval"     :[   0.408650E+02,   0.587651E+02]                           ,
            "fcomp"     :[   0.000000E+00,   0.000000E+00]                           ,
            "residual"  :[   0.231089E+00,   0.485336E+00]                           ,
            "interp"    :[   0.000000E+00,   0.282730E+02]                           ,
            "restrict"  :[   0.000000E+00,   0.186664E+02]                           ,
            "broadcast" :[   0.208020E+01,   0.000000E+00]                           ,
            "receive"   :[   0.214112E+01,   0.000000E+00]                           ,
            "send"      :[   0.958373E-02,   0.888882E-02]                           ,
            "wait"      :[   0.596145E-03,   0.106767E-02]                           ,
            "pack"      :[   0.126201E-01,   0.133004E-01]                           ,
            "unpack"    :[   0.130848E-01,   0.131999E-01]                           ,
            "hooks"     :[   0.884236E-03,   0.725668E-03]                           ,
            "aux"       :[   0.000000E+00,   0.000000E+00]                           ,
 "foo":"0"
 }
