 {
            "total"     :  0.571649E+02,
            "predictor" :  0.208390E+02,
            "block"     :  0.571649E+02,
            "iteration" :  0.304831E+02,
            "sweep"     :[   0.854224E+01,   0.112482E+02]                           ,
            "feval"     :[   0.147624E+02,   0.211012E+02]                           ,
            "fcomp"     :[   0.000000E+00,   0.000000E+00]                           ,
            "residual"  :[   0.593320E-01,   0.156523E+00]                           ,
            "interp"    :[   0.000000E+00,   0.956087E+01]                           ,
            "restrict"  :[   0.000000E+00,   0.642077E+01]                           ,
            "broadcast" :[   0.424120E+01,   0.000000E+00]                           ,
            "receive"   :[   0.137324E+02,   0.000000E+00]                           ,
            "send"      :[   0.398000E-03,   0.241000E-03]                           ,
            "wait"      :[   0.338000E-03,   0.275123E+01]                           ,
            "pack"      :[   0.274200E-02,   0.256700E-02]                           ,
            "unpack"    :[   0.203700E-02,   0.132700E-02]                           ,
            "hooks"     :[   0.159000E-03,   0.890000E-04]                           ,
            "aux"       :[   0.000000E+00,   0.000000E+00]                           ,
 "foo":"0"
 }
