 {
            "total"     :  0.843519E+02,
            "predictor" :  0.359262E+02,
            "block"     :  0.843493E+02,
            "iteration" :  0.366792E+02,
            "sweep"     :[   0.208174E+02,   0.242864E+02]                           ,
            "feval"     :[   0.287580E+02,   0.396507E+02]                           ,
            "fcomp"     :[   0.000000E+00,   0.000000E+00]                           ,
            "residual"  :[   0.187436E+01,   0.308929E+01]                           ,
            "interp"    :[   0.000000E+00,   0.159709E+02]                           ,
            "restrict"  :[   0.000000E+00,   0.109183E+02]                           ,
            "broadcast" :[   0.490649E+01,   0.000000E+00]                           ,
            "receive"   :[   0.222798E+01,   0.000000E+00]                           ,
            "send"      :[   0.855736E-02,   0.464866E-02]                           ,
            "wait"      :[   0.849335E-03,   0.873273E-03]                           ,
            "pack"      :[   0.974508E-01,   0.553276E-01]                           ,
            "unpack"    :[   0.741748E-02,   0.347291E-02]                           ,
            "hooks"     :[   0.966621E-03,   0.994831E-03]                           ,
            "aux"       :[   0.000000E+00,   0.000000E+00]                           ,
 "foo":"0"
 }
