 {
            "total"     :  0.214758E+00,
            "predictor" :  0.333260E-01,
            "block"     :  0.214707E+00,
            "iteration" :  0.110709E+00,
            "sweep"     :[   0.232740E-01,   0.445420E-01]                           ,
            "feval"     :[   0.418120E-01,   0.735790E-01]                           ,
            "fcomp"     :[   0.000000E+00,   0.000000E+00]                           ,
            "residual"  :[   0.123800E-02,   0.473900E-02]                           ,
            "interp"    :[   0.000000E+00,   0.332360E-01]                           ,
            "restrict"  :[   0.000000E+00,   0.238240E-01]                           ,
            "broadcast" :[   0.619670E-01,   0.000000E+00]                           ,
            "receive"   :[   0.000000E+00,   0.000000E+00]                           ,
            "send"      :[   0.171000E-03,   0.700000E-05]                           ,
            "wait"      :[   0.585000E-03,   0.145010E-01]                           ,
            "pack"      :[   0.340000E-04,   0.260000E-04]                           ,
            "unpack"    :[   0.000000E+00,   0.000000E+00]                           ,
            "hooks"     :[   0.400000E-05,   0.100000E-05]                           ,
            "aux"       :[   0.000000E+00,   0.000000E+00]                           ,
 "foo":"0"
 }
