 {
            "total"     :  0.309780E+00,
            "predictor" :  0.192877E+00,
            "block"     :  0.309726E+00,
            "iteration" :  0.107901E+00,
            "sweep"     :[   0.470580E-01,   0.447510E-01]                           ,
            "feval"     :[   0.631730E-01,   0.736890E-01]                           ,
            "fcomp"     :[   0.000000E+00,   0.000000E+00]                           ,
            "residual"  :[   0.253000E-02,   0.485100E-02]                           ,
            "interp"    :[   0.000000E+00,   0.339490E-01]                           ,
            "restrict"  :[   0.000000E+00,   0.239770E-01]                           ,
            "broadcast" :[   0.160000E-04,   0.000000E+00]                           ,
            "receive"   :[   0.153199E+00,   0.000000E+00]                           ,
            "send"      :[   0.000000E+00,   0.000000E+00]                           ,
            "wait"      :[   0.600000E-05,   0.300000E-05]                           ,
            "pack"      :[   0.000000E+00,   0.000000E+00]                           ,
            "unpack"    :[   0.330000E-04,   0.170000E-04]                           ,
            "hooks"     :[   0.000000E+00,   0.200000E-05]                           ,
            "aux"       :[   0.000000E+00,   0.000000E+00]                           ,
 "foo":"0"
 }
